user_id,date,session_type,km_total,has_double,double_session_type,double_km,is_break_week,sessions,duration_min,avg_hr_bpm,pace_min_per_km,elev_gain_m,kms_z3_4,kms_z5_t1_t2,kms_sprinting,cadence_spm,gct_ms,stride_length_cm,vertical_oscillation_cm,gct_balance,training_load,device_worn,missing_hrv,missing_rhr,missing_sleep,missing_stress,missing_resp,missing_temp,wear_7d_rate,rhr_bpm,hrv_ms,sleep_hours,stress_score,resp_rate_rpm,skin_temp_c,strength_training,hours_alternative,perceived_exertion,perceived_trainingSuccess,perceived_recovery,hrv_rmssd,hrv_sdnn,hrv_pnn50,sleep_efficiency,sleep_quality,deep_sleep_hours,load_acute7,load_chronic28,acwr,training_monotony,readiness_score,fitness,injury_proneness,injury_resilience,rest_day_frequency,illness_onset,illness_ongoing,injury_onset,injury_ongoing,injury_severity,recovery_duration,return_period_duration,days_since_recovery_end,injury_next_7d,illness_next_7d,long_run_spike_risk,long_run_spike_category,spike_absolute_risk,sprinting_absolute_risk,has_long_run_spike,had_spike_last_7d,consecutive_hard_days,consecutive_hard_risk,has_2plus_consecutive_hard,has_3plus_consecutive_hard,hard_sessions_count_7d,high_intensity_count_risk,has_3plus_hard_sessions_7d,has_4plus_hard_sessions_7d,has_5plus_hard_sessions_7d,volume_multiplier,intensity_multiplier
1,2023-01-01,easy,5.51,0,,0.0,True,1,31.32,130.6,5.685,45.1,0.0,0.0,0.0,169.4,243.9,200.0,8.6,0.526,5.530666928996717,1,0,0,0,0,0,0,0.8571428571428571,59.81595376076905,90.99875272264076,8.11256815509253,95.0,17.091050250742985,36.57385631047926,0,0.0,3.8180951461187895,0.0,6.578093885125499,77.34893981424466,109.19850326716892,25.499376361320387,0.9132912809537131,7.407654126531598,1.7233004391861952,33.49988048109711,33.36795976189062,1.0039534846060223,1.9933142961240304,80.0,0.436,0.621,0.703,0.241,0,0,0,0,,,,999,0,0,0.0,0,0.0,0.0,0,0,0,0.0,0,0,0,0.0,0,0,0,1.0,1.0
1,2023-01-02,rest,0.0,0,,0.0,True,0,0.0,,,0.0,0.0,0.0,0.0,,,,,,0.0,1,0,0,0,0,0,0,0.8571428571428571,58.94735447088524,89.0145806553223,8.125031869722443,95.0,16.659797750717846,36.50666408771853,0,0.2626326433476512,-0.01,-0.01,-0.01,75.66239355702396,106.81749678638676,24.507290327661153,0.9467975555658792,7.7249871800022705,1.5458694738062688,27.88211095626631,31.23655952571884,0.892611429907892,1.3831523768157854,80.0,0.436,0.621,0.703,0.241,0,0,0,0,,,,999,0,0,0.0,0,0.0,0.0,0,0,0,0.0,0,0,0,0.0,0,0,0,1.0,1.0
1,2023-01-03,easy,5.98,0,,0.0,True,1,34.53,130.3,5.774,104.8,0.0,0.0,0.0,161.2,290.3,200.0,10.4,0.506,6.115049747479517,1,0,0,0,0,0,0,0.8571428571428571,58.99342443198501,89.31706290255534,8.086626604127279,95.0,17.971717664931948,36.50440290032798,1,0.0,4.57920583474096,7.7675544276746,4.598412828874355,75.91950346717204,107.1804754830664,24.658531451277668,0.9124336701567748,6.68405640965535,2.055885449495763,31.430453074906623,29.010572589826857,1.0834137069915897,1.549332579509059,80.0,0.436,0.621,0.703,0.241,0,0,0,0,,,,999,0,0,0.0,0,0.0,0.0,0,0,0,0.0,0,0,0,0.0,0,0,0,1.0,1.0
1,2023-01-04,rest,0.0,0,,0.0,False,0,0.0,,,0.0,0.0,0.0,0.0,,,,,,0.0,1,1,0,1,0,0,0,0.8571428571428571,57.690972074406254,,,95.0,17.707250004442685,36.61221853461365,1,0.0,-0.01,-0.01,-0.01,75.23223263712448,106.2102107818228,24.25425449242617,0.9494592875915396,7.528237873125302,2.446828577030788,25.818844593036125,27.3875168505258,0.9427230585096796,1.140630932634456,50.0,0.436,0.621,0.703,0.241,0,0,0,0,,,,999,0,0,0.0,0,0.0,0.0,0,0,0,0.0,0,0,0,0.0,0,0,0,1.0,1.0
1,2023-01-05,easy,6.111,0,,0.0,False,1,32.75,131.1,5.36,44.2,0.0,0.0,0.0,162.4,267.8,200.0,6.9,0.519,5.732510356012874,1,0,0,0,0,0,0,0.8571428571428571,56.04421767927395,99.17034299661788,7.988990374738188,95.0,18.13015447772044,36.58427779349483,0,0.3620648214819805,4.155958449990216,0.0,5.328008070139056,84.2947915471252,119.00441159594146,29.585171498308945,0.9638074136369744,7.134315360854317,1.7839414584634836,31.551354949049,28.82064443952902,1.0947483815117711,1.5515529867328537,90.0,0.436,0.621,0.703,0.241,0,0,0,0,,,,999,0,0,0.0,0,0.0,0.0,0,0,0,0.0,0,0,0,0.0,0,0,0,1.0,1.0
1,2023-01-06,easy,5.254,0,,0.0,False,1,28.38,128.2,5.401,18.7,0.0,0.0,0.0,163.0,243.7,200.0,8.8,0.55,5.212917461468681,1,0,0,0,0,0,0,1.0,55.8023921975391,108.19722264021618,7.758714157980256,95.0,18.536732837398898,36.584258737547835,0,0.0,4.491672387219702,0.0,5.689985403874135,91.96763924418376,129.83666716825942,30.0,0.947743607305922,6.29039693304528,2.450924306172803,29.728250027821325,28.34595348730293,1.0487651788595642,1.547743141887025,90.0,0.436,0.621,0.703,0.241,0,0,0,0,,,,999,0,0,0.0,0,0.0,0.0,0,0,0,0.0,0,0,0,0.0,0,0,0,1.0,1.0
1,2023-01-07,tempo,5.016,0,,0.0,False,1,23.48,147.1,4.681,66.5,1.746,0.089,0.077,178.2,255.1,200.0,7.8,0.512,7.248464514031821,1,0,0,0,0,0,1,1.0,55.82632322430413,99.50708080849624,7.324873640603135,95.0,16.88805316109251,,0,0.0,7.051896367987073,8.928204879382825,5.543449860964192,84.5810186872218,119.40849697019549,29.75354040424812,0.9004754932510471,8.1704363479761,1.3571543998563402,29.839609007989612,30.158069615810884,0.9894402525984431,1.543985915946402,90.0,0.436,0.621,0.703,0.241,0,0,0,0,,,,999,0,0,0.0,0,0.0,0.004785165,0,0,1,0.0,0,0,0,0.0,0,0,0,1.0,1.0
1,2023-01-08,easy,4.571,0,,0.0,False,1,25.62,130.3,5.605,0.0,0.0,0.0,0.0,164.2,241.2,200.0,9.0,0.488,4.227370392587786,0,1,1,1,1,1,1,0.8571428571428571,,,,,,,0,0.0,5.829673931467063,0.0,6.076383459706597,71.1460444775141,100.44147455649048,21.850614398537708,0.9461699958982036,6.310312369469045,1.572139072413793,28.53631247158068,29.723128478033093,0.960070927008896,1.5028157627137608,50.0,0.436,0.621,0.703,0.241,0,0,0,0,,,,999,0,0,0.0,0,0.0,0.0019495116666666,0,0,0,0.0,0,0,1,0.0,0,0,0,1.0,1.0
1,2023-01-09,rest,0.0,0,,0.0,False,0,0.0,,,0.0,0.0,0.0,0.0,,,,,,0.0,0,1,1,1,1,1,1,0.7142857142857143,,,,,,,0,0.5847406535026314,-0.01,-0.01,-0.01,67.26699621432569,94.96517112610684,19.56882130254452,0.9292045910835812,6.942403083137589,2.541981637605003,28.53631247158068,28.615042707339285,0.9972486068319926,1.5028157627137608,50.0,0.436,0.621,0.703,0.241,0,0,0,0,,,,999,0,0,0.0,0,0.0,0.00957033,0,0,0,0.0,0,0,1,0.0,0,0,0,1.0,1.0
1,2023-01-10,long,7.999,0,,0.0,False,1,45.49,131.6,5.687,71.2,0.0,0.0,0.0,170.4,280.9,200.0,8.0,0.527,9.163060519271122,1,0,0,0,0,0,0,0.7142857142857143,57.230244548540576,87.23453568221163,8.144610865748762,95.0,16.64974088151446,36.57013887554032,1,0.3880443402133372,4.9918542516062026,8.249060108660117,2.498616132155506,74.14935532987988,104.68144281865396,23.617267841105814,0.9456285988729802,9.502073542239538,1.3575203317518012,31.58432324337228,29.479663921930253,1.0713935632245382,1.4078665615686163,75.0,0.436,0.621,0.703,0.241,0,0,0,0,,,,999,0,0,0.0,0,0.0,0.0074435899999999,0,0,0,0.0,0,0,1,0.0,0,0,0,1.0,1.0
1,2023-01-11,rest,0.0,0,,0.0,False,0,0.0,,,0.0,0.0,0.0,0.0,,,,,,0.0,1,0,0,0,0,0,0,0.7142857142857143,57.233400465414384,89.81716718137272,8.313141337124224,95.0,16.173897277575687,36.58101340950416,1,0.7596052987236731,-0.01,-0.01,-0.01,76.34459210416681,107.78060061764728,24.90858359068636,0.96516950224572,6.988128965530425,2.106301823349411,31.58432324337228,29.479663921930253,1.0713935632245382,1.4078665615686163,90.0,0.436,0.621,0.703,0.241,0,0,0,0,,,,999,0,0,0.0,0,0.0,0.00531685,0,0,0,0.0,0,0,1,0.0,0,0,0,1.0,1.0
1,2023-01-12,easy,6.064,0,,0.0,False,1,34.93,131.5,5.76,50.7,0.0,0.0,0.0,163.5,254.2,200.0,8.1,0.463,6.528249150723333,0,1,1,1,1,1,1,0.5714285714285714,,,,,,,0,0.0,4.242902524712971,0.0,4.643489574943453,74.59577556861913,105.3116831556976,23.87986798154067,0.9639782058768904,7.175271574636855,2.186207432216268,32.38006203808274,29.33563475540412,1.103779113841696,1.4190215619286195,50.0,0.436,0.621,0.703,0.241,0,0,0,0,,,,999,0,0,0.0,0,0.0,0.0,0,0,0,0.0,0,0,1,0.0,0,0,0,1.0,1.0
1,2023-01-13,easy,6.472,0,,0.0,False,1,34.91,128.8,5.394,0.0,0.0,0.0,0.0,164.0,215.3,200.0,8.1,0.501,6.652917014388428,1,0,0,0,1,0,0,0.5714285714285714,54.578218202296085,90.38189667269984,7.902462393964951,,18.52806732722771,36.49290121949851,1,0.0,4.8047514716440425,8.158407827030711,4.3510829966354745,76.82461217179487,108.45827600723982,25.190948336349926,0.9534805140370464,7.506997678395385,2.092195984204783,33.82006159100249,29.612100056111306,1.1421027345178114,1.448735883030386,90.0,0.436,0.621,0.703,0.241,0,0,0,0,,,,999,0,0,0.0,0,0.0,0.0,0,0,0,0.0,0,0,1,0.0,0,0,0,1.0,1.0
1,2023-01-14,tempo,6.352,0,,0.0,False,1,30.15,150.9,4.747,25.9,1.724,0.054,0.0,161.9,230.6,200.0,9.8,0.469,8.926590451501518,1,0,0,0,0,0,0,0.5714285714285714,55.840514917840245,80.52762344520089,8.38328969504917,95.0,16.58567850696313,36.508539983989664,0,0.0,6.313954938428712,10.0,4.240583670525642,68.44847992842075,96.63314813424108,20.263811722600444,0.9435476018129556,5.534012324790977,1.658165980176057,35.49818752847219,30.150905837626645,1.1773505758762928,1.427197422124579,75.0,0.436,0.621,0.703,0.241,0,0,0,0,,,,999,0,0,0.0,0,0.0,0.0,0,0,1,0.0,0,0,1,0.0,0,0,0,1.0,1.0
1,2023-01-15,easy,5.591,0,,0.0,False,1,30.06,132.0,5.377,63.1,0.0,0.0,0.0,164.1,240.3,200.0,5.0,0.542,5.724305013093401,0,1,1,1,1,1,1,0.5714285714285714,,,,,,,1,0.3583243341338298,4.870598452266904,0.0,4.645833707831,72.73761191831922,102.68839329645068,22.78683054018778,0.9282863069906728,8.343785288259287,2.427194937493193,36.9951221489778,29.82146475644288,1.2405534473430455,1.4925031306594116,50.0,0.436,0.621,0.703,0.241,0,0,0,0,,,,999,1,0,0.0,0,0.0,0.0,0,0,0,0.0,0,0,1,0.0,0,0,0,1.0,1.0
1,2023-01-16,rest,0.0,0,,0.0,False,0,0.0,,,0.0,0.0,0.0,0.0,,,,,,0.0,1,0,0,0,0,0,0,0.7142857142857143,55.57578401523726,87.89513753750239,8.177685153356036,95.0,16.64331476015905,36.61101810621061,1,0.0,-0.01,-0.01,-0.01,74.71086690687703,105.47416504500286,23.947568768751196,0.9596555223883064,7.268669139425451,1.775629963741587,36.9951221489778,29.82146475644288,1.2405534473430455,1.4925031306594116,75.0,0.436,0.621,0.703,0.241,0,0,0,0,,,,999,1,0,0.0,0,0.0,0.0,0,0,0,0.0,0,0,1,0.0,0,0,0,1.0,1.0
1,2023-01-17,long,8.035,0,,0.0,False,1,46.13,132.8,5.741,122.4,0.0,0.0,0.0,171.9,247.2,200.0,8.3,0.55,7.873503246441317,1,0,0,1,0,0,0,0.7142857142857143,55.05161281962548,82.15013132413053,,95.0,17.681515169677215,36.57102422527951,0,0.0,5.028303780619873,6.159967335152565,4.543462761926082,69.82761162551094,98.58015758895662,21.075065662065263,0.9343875819606086,7.167311482918313,2.1919570738094287,35.705564876147996,30.112496229940614,1.185739083792965,1.5164715767353705,60.0,0.436,0.621,0.703,0.241,0,0,0,0,,,,999,1,0,0.0,0,0.0,0.0,0,0,0,0.0,0,0,1,0.0,0,0,0,1.0,1.0
1,2023-01-18,rest,0.0,0,,0.0,False,0,0.0,,,0.0,0.0,0.0,0.0,,,,,,0.0,1,0,0,0,0,0,0,0.7142857142857143,55.42567927915983,78.01896549441675,8.820862450249516,95.0,15.443247469061436,36.572061298750995,0,0.0,-0.01,-0.01,-0.01,66.31612067025424,93.62275859330008,19.009482747208377,0.9550035891987004,8.37010304722159,1.3231293675374274,35.705564876147996,29.087416721592273,1.2275261151711971,1.5164715767353705,75.0,0.436,0.621,0.703,0.241,0,0,0,0,,,,999,1,0,0.0,0,0.0,0.0,0,0,0,0.0,0,0,1,0.0,0,0,0,1.0,1.0
1,2023-01-19,easy,4.103,0,,0.0,False,1,22.04,132.2,5.372,59.3,0.0,0.0,0.0,169.2,241.3,200.0,9.0,0.464,3.7016627917205978,1,0,0,0,0,1,1,0.8571428571428571,53.881163772999585,78.49256645929059,8.537072987610603,95.0,,,0,0.0,4.235048725698004,6.9268752984918205,5.290925060515395,66.718681490397,94.1910797511487,19.246283229645293,0.9483079555299516,7.614519071930307,2.854826437399481,32.87897851714526,30.01283241952242,1.095497318015916,1.4073165100349112,75.0,0.436,0.621,0.703,0.241,0,0,0,0,,,,999,1,0,0.0,0,0.0,0.0,0,0,0,0.0,0,0,1,0.0,0,0,0,1.0,1.0
1,2023-01-20,rest,0.0,0,,0.0,False,0,0.0,,,0.0,0.0,0.0,0.0,,,,,,0.0,0,1,1,1,1,1,1,0.7142857142857143,,,,,,,0,0.0,-0.01,-0.01,-0.01,67.77259982812528,95.67896446323569,19.866235193014873,0.9415512062168848,7.347578003996349,2.119033761477019,26.226061502756835,28.716745217605613,0.9132671683631832,1.0455217431105197,50.0,0.436,0.621,0.703,0.241,0,0,0,0,,,,999,1,0,0.0,0,0.0,0.0,0,0,0,0.0,0,0,1,0.0,0,0,0,1.0,1.0
1,2023-01-21,tempo,3.682,0,,0.0,False,1,18.77,155.6,5.098,20.0,1.448,0.036,0.044,174.0,262.6,200.0,6.7,0.543,5.00094702642434,0,1,1,1,1,1,1,0.5714285714285714,,,,,,,0,0.0,6.956510560971617,9.679518077909002,6.546223467326006,72.78030718192142,102.7486689627126,22.811945401130245,0.9630178954968746,8.534180048188034,2.407478026524436,22.300418077679655,28.90185704156046,0.7715911567212035,1.0667832542289788,50.0,0.436,0.621,0.703,0.241,0,0,0,0,,,,999,1,0,0.0,0,0.0,0.00273438,0,0,1,0.0,0,0,1,0.0,0,0,0,1.0,1.0
1,2023-01-22,,0.0,0,,0.0,False,0,24.52,129.2,5.457,10.9,0.0,0.0,0.0,172.9,255.6,200.0,6.9,0.497,4.385051596495418,1,0,0,0,0,0,1,0.7142857142857143,55.00695692723634,86.82035011415802,7.622718034802185,100.0,17.593433010363192,,0,0.0,-0.01,-0.01,-0.01,73.79729759703432,104.18442013698962,23.41017505707901,0.93634334377575,7.199525078492342,1.8127439174607944,20.96116466108167,29.998119940684315,0.6987492550792919,1.0478520591983518,75.0,0.436,0.621,0.703,0.241,0,0,1,1,3.0443204912994535,4.0,2.0,999,0,0,0.0,0,0.0,0.0011140066666666,0,0,0,0.0,0,0,1,0.0,0,0,0,1.0,1.0
1,2023-01-23,,0.0,0,,0.0,False,0,24.4,130.0,5.565,34.9,0.0,0.0,0.0,174.3,249.0,200.0,8.0,0.489,4.796485292906893,1,0,0,0,0,0,0,0.7142857142857143,58.30432149472525,89.52672697655939,7.192336141257007,100.0,16.99390604244142,36.5375831408994,1,0.0,-0.01,-0.01,-0.01,76.09771793007548,107.43207237187126,24.763363488279698,0.903744913178796,6.101172445980328,1.719114088518875,25.75764995398857,29.792798882703337,0.8645595598734768,1.4028688621527627,90.0,0.436,0.621,0.703,0.241,0,0,0,1,,4.0,2.0,999,0,0,0.0,0,0.0,0.00546876,0,0,0,0.0,0,0,1,0.0,0,0,0,1.0,1.0
1,2023-01-24,,0.0,0,,0.0,False,0,28.98,135.8,5.93,71.0,0.0,0.0,0.0,165.2,248.3,200.0,8.7,0.464,4.944753348003028,1,0,0,1,0,0,0,0.7142857142857143,60.228940899746455,93.58062603049906,,100.0,16.42180207994504,36.49017779904185,1,0.0,-0.01,-0.01,-0.01,79.5435321259242,112.29675123659888,26.79031301524953,0.9664138387234494,8.415145791097755,2.7498976952637593,22.828900055550275,30.387310312494296,0.7512642306778802,1.551075670100884,65.0,0.436,0.621,0.703,0.241,0,0,0,1,,4.0,2.0,999,0,0,0.0,0,0.0,0.00425348,0,0,0,0.0,0,0,1,0.0,0,0,0,1.0,1.0
1,2023-01-25,,0.0,0,,0.0,True,0,0.0,,,0.0,0.0,0.0,0.0,,,,,,0.0,0,1,1,1,1,1,1,0.5714285714285714,,,,,,,1,0.4208995277786548,-0.01,-0.01,-0.01,80.09939294564666,113.08149592326588,27.11728996802745,0.9464522566891724,6.488611929404582,2.3216376687424787,22.828900055550275,28.98440819202667,0.7876268894875484,1.551075670100884,50.0,0.436,0.621,0.703,0.241,0,0,0,1,,4.0,2.0,999,0,0,0.0,0,0.0,0.0030382,0,0,0,0.0,0,0,1,0.0,0,0,0,1.0,1.0
1,2023-01-26,rest,0.0,0,,0.0,True,0,0.0,,,0.0,0.0,0.0,0.0,,,,,,0.0,1,0,0,0,0,1,0,0.5714285714285714,57.56939939066058,84.1089526715277,7.598870719377056,95.0,,36.589933482551935,1,0.0,-0.01,-0.01,-0.01,71.49260977079855,100.93074320583324,22.05447633576385,0.9620198873157834,6.028024769562862,1.644923465579694,19.127237263829677,28.98440819202667,0.6599146850677017,1.1512950512903823,65.0,0.436,0.621,0.703,0.241,0,0,0,0,,,2.0,0,0,0,0.0,0,0.0,0.0,0,0,0,0.0,0,0,1,0.0,0,0,0,0.5379290900106217,0.0
1,2023-01-27,easy,3.729948918028819,0,,0.0,True,1,22.63,133.6,5.836,0.0,0.0,0.0,0.0,153.8,237.5,200.0,5.7,0.502,3.445261650942234,1,0,0,0,0,0,0,0.7142857142857143,57.439717163184,88.48275975365551,8.140342468791701,95.0,17.82858555042358,36.57394906554385,0,0.0,7.125777471733544,0.0,3.825508530460449,75.21034579060719,106.17931170438662,24.241379876827757,0.9334553796068452,8.70979446068123,2.348757836411281,22.572498914771913,28.086718009088138,0.803671618157608,1.537871922958998,65.0,0.436,0.621,0.703,0.241,0,0,0,0,,,2.0,1,0,0,0.0,0,0.0,0.0,0,0,0,0.0,0,0,1,0.0,0,0,0,0.9620709099893784,0.5379290900106217
1,2023-01-28,easy,4.412,0,,0.0,True,1,23.78,130.6,5.39,30.3,0.0,0.0,0.0,162.2,237.5,200.0,5.0,0.529,4.233337283934125,0,1,1,1,1,1,1,0.7142857142857143,,,,,,,0,0.0,6.279930653990201,8.689726747984073,3.4040156727649116,66.35038147505492,93.67112678831282,19.029636161797008,0.951156563711012,6.240602657747377,1.2010875161781938,21.804889172281698,27.360775946605788,0.7969396927153664,1.5422914086564787,50.0,0.436,0.621,0.703,0.241,0,0,0,0,,,,2,0,0,0.0,0,0.0,0.0,0,0,0,0.0,0,0,1,0.0,0,0,0,1.0,1.0
1,2023-01-29,easy,5.884,0,,0.0,True,1,32.23,130.4,5.477,19.0,0.0,0.0,0.0,166.3,252.4,200.0,10.8,0.517,6.100341103625124,0,1,1,1,1,1,1,0.5714285714285714,,,,,,,0,0.0,4.782091432544194,0.0,4.278389817855201,63.59089868184373,89.77538637436763,17.406410989319845,0.9071283197800452,7.645035340612975,2.8290969427732007,23.5201786794114,27.50319449026289,0.8551798531097371,1.493426403340786,50.0,0.436,0.621,0.703,0.241,0,0,0,0,,,,3,0,0,0.0,0,0.0,0.0,0,0,0,0.0,0,0,0,0.0,0,0,0,1.0,1.0
1,2023-01-30,easy,4.821,0,,0.0,True,1,28.16,127.4,5.84,8.7,0.0,0.0,0.0,167.5,278.4,200.0,9.4,0.51,4.776979828136957,0,1,1,1,1,1,1,0.4285714285714285,,,,,,,0,0.2595628368938373,5.026422301519849,7.513173196988351,5.045915309495832,72.6518393210337,102.5673025708711,22.736376071196297,0.9489940067539602,6.999949373060271,1.7384756478139194,23.500673214641463,28.69743944729713,0.8189118209967355,1.4933623464181225,50.0,0.436,0.621,0.703,0.241,0,0,0,0,,,,4,0,0,0.0,0,0.0,0.0,0,0,0,0.0,0,0,0,0.0,0,0,0,1.0,1.0
1,2023-01-31,easy,3.911,0,,0.0,True,1,21.1,138.5,5.396,0.0,0.0,0.0,0.0,165.3,250.2,200.0,5.8,0.45,4.077655478199584,1,0,0,0,0,1,0,0.4285714285714285,60.55165298172635,87.18191551118056,8.490178281536082,95.0,,36.56640848366004,0,0.1987200653373002,7.136063472621311,6.432839067797865,5.996634877759196,74.10462818450348,104.61829861341668,23.59095775559028,0.9336677321939552,8.224549518990882,2.2757672940153784,22.633575344838025,28.188090879977143,0.8029481187023992,1.48314058490865,65.0,0.436,0.621,0.703,0.241,0,0,0,0,,,,5,0,0,0.0,0,0.0,0.0,0,0,0,0.0,0,0,0,0.0,0,0,0,1.0,1.0
1,2023-02-01,rest,0.0,0,,0.0,True,0,0.0,,,0.0,0.0,0.0,0.0,,,,,,0.0,0,1,1,1,1,1,1,0.4285714285714285,,,,,,,0,0.0,-0.01,-0.01,-0.01,79.66565141789746,112.46915494291407,26.862147892880863,0.9188461612046848,6.739045433425635,2.488133369116468,22.633575344838025,28.188090879977143,0.8029481187023992,1.48314058490865,50.0,0.436,0.621,0.703,0.241,0,0,0,0,,,,6,0,0,0.0,0,0.0,0.0,0,0,0,0.0,0,0,0,0.0,0,0,0,1.0,1.0
1,2023-02-02,easy,5.32,0,,0.0,True,1,28.26,129.3,5.311,22.5,0.0,0.0,0.0,167.5,268.9,200.0,10.1,0.539,5.477106246645517,0,1,1,1,1,1,1,0.2857142857142857,,,,,,,0,0.0,5.445023819930522,0.0,5.780164442055813,80.45784330073143,113.58754348338552,27.328143118077307,0.9626361838613005,7.39860659041661,2.2200645392355636,28.11068159148354,28.124239852635306,0.9995178799234862,2.1887835869297354,50.0,0.436,0.621,0.703,0.241,0,0,0,0,,,,7,0,0,0.0,0,0.0,0.0,0,0,0,0.0,0,0,0,0.0,0,0,0,1.0,1.0
1,2023-02-03,rest,0.0,0,,0.0,True,0,0.0,,,0.0,0.0,0.0,0.0,,,,,,0.0,0,1,1,1,1,1,1,0.1428571428571428,,,,,,,0,0.0,-0.01,-0.01,-0.01,77.68657177334245,109.67516015060112,25.6979833960838,0.9269110236535822,6.789488285466291,1.6022167912205325,24.665419940541305,26.821010487268136,0.9196304901569397,1.518964021986877,50.0,0.436,0.621,0.703,0.241,0,0,0,0,,,,8,0,0,0.0,0,0.0,0.0,0,0,0,0.0,0,0,0,0.0,0,0,0,1.0,1.0
1,2023-02-04,easy,4.309,0,,0.0,True,1,22.09,131.9,5.126,51.3,0.0,0.0,0.0,174.2,255.9,200.0,5.8,0.468,3.907320990494854,1,0,0,0,1,0,0,0.2857142857142857,57.92140054218424,79.54296840811283,8.12502511065832,,18.479428487684135,36.505269863750335,0,0.0,5.206408693921728,6.876637507462428,5.22821689962159,67.6115231468959,95.4515620897354,19.771484204056417,0.9139436356351694,7.940856728587597,1.6559027996235165,24.33940364710204,25.985724606383897,0.936645141866756,1.5063363517822943,65.0,0.436,0.621,0.703,0.241,0,0,0,0,,,,9,0,0,0.0,0,0.0,0.0,0,0,0,0.0,0,0,0,0.0,0,0,0,1.0,1.0
1,2023-02-05,easy,4.666,0,,0.0,True,1,26.08,130.1,5.589,32.0,0.0,0.0,0.0,167.3,248.2,200.0,5.0,0.526,4.5134663075165316,0,1,1,1,1,1,1,0.2857142857142857,,,,,,,0,0.0,4.848331679326078,6.753280960074669,4.644716895218792,70.30494145792369,99.25403499942168,21.355847916425702,0.9273420412175308,6.891613298222611,2.135599800226364,22.752528850993443,26.05724858511608,0.8731746141000892,1.541310680291315,50.0,0.436,0.621,0.703,0.241,0,0,0,0,,,,10,0,0,0.0,0,0.0,0.0,0,0,0,0.0,0,0,0,0.0,0,0,0,1.0,1.0
1,2023-02-06,easy,4.056,0,,0.0,True,1,22.13,129.8,5.456,26.4,0.0,0.0,0.0,167.6,243.5,200.0,8.4,0.527,4.027215112545898,1,0,0,0,0,0,0,0.4285714285714285,57.92771091302129,80.48632278355632,7.852812885667219,95.0,17.3062624782629,36.47866588275686,1,0.0,5.823887664607034,9.690334056501108,4.292382099139965,68.41337436602286,96.58358734026758,20.24316139177816,0.928028315266784,7.375732336134707,2.5961064624402077,22.002764135402387,27.064052363252554,0.8129884995452173,1.5357686613516324,65.0,0.436,0.621,0.703,0.241,0,0,0,0,,,,11,0,0,0.0,0,0.0,0.0,0,0,0,0.0,0,0,0,0.0,0,0,0,1.0,1.0
1,2023-02-07,easy,5.006,0,,0.0,True,1,29.29,126.5,5.852,0.0,0.0,0.0,0.0,164.9,239.3,200.0,8.6,0.513,4.869314053780547,1,0,0,0,0,0,0,0.4285714285714285,55.875070331558454,80.29383256083881,7.630912393486197,95.0,17.261409295679726,36.65103084879399,0,0.0,6.291875840523942,0.0,4.853049102732541,68.24975767671299,96.35259907300656,20.146916280419404,0.9621733307448466,6.922338873076092,1.9309214512356965,22.794422710983348,25.99061574687991,0.8770250792036224,1.538984248070938,75.0,0.436,0.621,0.703,0.241,0,0,0,0,,,,12,0,0,0.0,0,0.0,0.0,0,0,0,0.0,0,0,0,0.0,0,0,0,1.0,1.0
1,2023-02-08,easy,5.155,0,,0.0,True,1,28.4,126.4,5.509,63.7,0.0,0.0,0.0,171.0,218.6,200.0,8.0,0.45,4.741554443338807,1,0,0,0,0,1,0,0.5714285714285714,53.930598561147995,65.50806348627589,7.821118157350843,95.0,,36.54614657724553,0,0.0,3.627551184676296,6.96655578905186,4.669024127383578,55.681853963334504,78.60967618353106,12.754031743137944,0.922851950996727,5.657213393300861,2.3019398263831565,27.53597715432215,27.176004357714618,1.0132459422151736,2.3431025330741364,75.0,0.436,0.621,0.703,0.241,0,0,0,0,,,,13,0,0,0.0,0,0.0,0.0,0,0,0,0.0,0,0,0,0.0,0,0,0,1.0,1.0
1,2023-02-09,rest,0.0,0,,0.0,True,0,0.0,,,0.0,0.0,0.0,0.0,,,,,,0.0,1,0,0,0,0,0,0,0.7142857142857143,52.8140249394253,77.01051217904258,8.121496358924592,95.0,17.318128212543815,36.53557435553676,0,0.0,-0.01,-0.01,-0.01,65.45893535218619,92.4126146148511,18.50525608952129,0.9441243492103184,7.802561224305467,2.2107441844530245,22.05887090767664,25.54394207003378,0.8635656150343693,1.5607606307591166,75.0,0.436,0.621,0.703,0.241,0,0,0,0,,,,14,0,0,0.0,0,0.0,0.0,0,0,0,0.0,0,0,0,0.0,0,0,0,1.0,1.0
1,2023-02-10,easy,4.607,0,,0.0,True,1,25.81,133.8,5.603,60.5,0.0,0.0,0.0,159.1,231.4,200.0,8.2,0.45,4.547967876737034,1,0,0,0,0,1,0,0.8571428571428571,54.06866030607817,69.28352040343427,8.365527272930267,95.0,,36.59999521401228,0,0.0,5.911923001584589,7.709561529314092,5.090356086192761,58.89099234291913,83.14022448412112,14.641760201717132,0.9155372100689374,9.19687807519293,1.6434946173316896,26.606838784413675,25.017704785620932,1.0635203328558651,2.3970003228815515,75.0,0.436,0.621,0.703,0.241,0,0,0,0,,,,15,0,0,0.0,0,0.0,0.0,0,0,0,0.0,0,0,0,0.0,0,0,0,1.0,1.0
1,2023-02-11,easy,4.516,0,,0.0,True,1,25.18,132.3,5.576,60.4,0.0,0.0,0.0,157.7,264.0,200.0,7.5,0.535,4.840547917263901,1,1,0,0,0,0,0,0.8571428571428571,55.26992760018108,,6.692658806540486,95.0,15.785652246887231,36.49437649083925,0,0.218047780030211,6.28063512062375,6.575774098246024,4.298032460063171,61.59092746810378,86.95189760202886,16.229957334178692,0.9101230475107726,5.452778955851766,1.9900689076642375,27.54006571118272,23.996194152061527,1.1476846865373462,2.417040394530292,60.0,0.436,0.621,0.703,0.241,0,0,0,0,,,,16,0,0,0.0,0,0.0,0.0,0,0,0,0.0,0,0,0,0.0,0,0,0,1.0,1.0
1,2023-02-12,easy,5.204,0,,0.0,True,1,27.89,133.6,5.359,35.5,0.0,0.0,0.0,168.6,244.7,200.0,9.2,0.484,5.7764799410654994,1,0,0,0,0,0,1,1.0,52.436550015944334,80.72133861457458,8.486751734589497,95.0,17.676282357342032,,0,0.0,4.522542364862073,7.767102488871269,4.417299136071277,68.6131378223884,96.8656063374895,20.36066930728729,0.9467965560374668,7.285156545911469,1.5171989272568738,28.803079344731685,24.009237884054553,1.1996664902135197,2.3546015069852007,75.0,0.436,0.621,0.703,0.241,0,0,0,0,,,,17,0,0,0.0,0,0.0,0.0,0,0,0,0.0,0,0,0,0.0,0,0,0,1.0,1.0
1,2023-02-13,easy,4.366,0,,0.0,True,1,24.76,130.6,5.67,0.0,0.0,0.0,0.0,158.0,244.9,200.0,8.3,0.482,4.286481299054421,1,0,0,0,0,1,0,1.0,54.93854237621087,79.11344104015193,7.493866472307806,95.0,,36.64718749689414,1,0.2875145836402493,4.956681283301645,9.218159570542172,3.9651276523973897,67.24642488412914,94.93612924818233,19.556720520075963,0.9327525272961066,6.31836729627627,2.4262747463387293,29.06234553124021,25.080858208818157,1.1587460098265774,2.3751162335932463,75.0,0.436,0.621,0.703,0.241,0,0,0,0,,,,18,0,0,0.0,0,0.0,0.0,0,0,0,0.0,0,0,0,0.0,0,0,0,1.0,1.0
1,2023-02-14,rest,0.0,0,,0.0,True,0,0.0,,,0.0,0.0,0.0,0.0,,,,,,0.0,1,0,0,0,0,1,0,1.0,53.51301347667016,91.05659536901878,7.402118386046854,95.0,,36.60349770568185,0,0.0,-0.01,-0.01,-0.01,77.39810606366596,109.26791444282252,25.52829768450939,0.9011817863717768,7.272691085770424,1.7246860156206574,24.193031477459662,23.112482397207827,1.0467517082297773,1.5517610833121225,90.0,0.436,0.621,0.703,0.241,0,0,0,0,,,,19,0,0,0.0,0,0.0,0.0,0,0,0,0.0,0,0,0,0.0,0,0,0,1.0,1.0
1,2023-02-15,rest,0.0,0,,0.0,False,0,0.0,,,0.0,0.0,0.0,0.0,,,,,,0.0,1,0,0,0,0,1,0,1.0,50.69085144932908,94.66138702193932,7.644401784272608,95.0,,36.62961436405968,0,0.569888970946777,-0.01,-0.01,-0.01,80.46217896864842,113.59366442632718,27.33069351096966,0.9285634431355448,5.725653739174765,2.0958442359352003,19.451477034120856,23.112482397207827,0.8416004762374756,1.1370735787557076,90.0,0.436,0.621,0.703,0.241,0,0,0,0,,,,20,0,0,0.0,0,0.0,0.0,0,0,0,0.0,0,0,0,0.0,0,0,0,1.0,1.0
1,2023-02-16,rest,0.0,0,,0.0,False,0,0.0,,,0.0,0.0,0.0,0.0,,,,,,0.0,1,0,0,0,0,0,0,1.0,51.67228913063513,94.43672621103252,8.009540872617189,95.0,17.39150352068426,36.63620575384208,0,0.1,-0.01,-0.01,-0.01,80.27121727937762,113.324071453239,27.218363105516257,0.936912024937786,8.300648877240906,1.3404353641964262,19.451477034120856,22.18706669927768,0.8767033705294061,1.1370735787557076,90.0,0.436,0.621,0.703,0.241,0,0,0,0,,,,21,0,0,0.0,0,0.0,0.0,0,0,0,0.0,0,0,0,0.0,0,0,0,1.0,1.0
1,2023-02-17,easy,3.338,0,,0.0,False,1,17.92,131.8,5.367,0.0,0.0,0.0,0.0,171.6,248.7,200.0,9.3,0.462,3.647695508477891,1,0,0,1,0,0,0,1.0,52.60119598643051,94.0849200671707,,95.0,16.224762583236206,36.568184735224115,0,0.0,4.833428450430245,0.0,5.725217810326376,79.9721820570951,112.90190408060484,27.04246003358535,0.9340748015650008,6.824240805238014,1.131464583980372,18.55120466586171,23.098990576397153,0.8031175129228401,1.1182718584641038,75.0,0.436,0.621,0.703,0.241,0,0,0,0,,,,22,0,0,0.0,0,0.0,0.0,0,0,0,0.0,0,0,0,0.0,0,0,0,1.0,1.0
1,2023-02-18,interval,3.951,0,,0.0,False,1,19.53,160.7,4.943,91.5,0.288,0.395,0.051,153.4,252.8,200.0,5.7,0.538,5.422027169266534,1,0,0,0,0,0,0,1.0,52.77368767747064,87.99766855814507,8.670690372586014,95.0,17.325847144954707,36.69274381770296,0,0.0,6.87728682174159,9.579300878443506,5.086620934493316,74.7980182744233,105.59720226977409,23.998834279072533,0.9558806722269672,6.083429416936823,2.516068195593502,19.132683917864348,23.2042606121077,0.8245331929838762,1.1138335803069357,90.0,0.436,0.621,0.703,0.241,0,0,0,0,,,,23,0,0,0.0,0,0.0,0.0031693949999999,0,0,1,0.0,0,0,0,0.0,0,0,0,1.0,1.0
1,2023-02-19,easy,2.058,0,,0.0,False,1,11.8,129.9,5.733,11.2,0.0,0.0,0.0,171.6,219.2,200.0,7.4,0.517,2.0720246788768546,1,0,0,0,0,0,1,1.0,55.53766445122528,86.31226695537978,8.269252547839242,95.0,17.949804637526505,,0,0.0,5.291254444932567,0.0,5.848184523656521,73.36542691207282,103.57472034645572,23.15613347768989,0.9305612067263994,7.019998147672714,2.2005960289352604,15.4282286556757,22.62600388270306,0.6818803732986969,1.0411917056142677,80.0,0.436,0.621,0.703,0.241,0,0,0,0,,,,24,0,0,0.0,0,0.0,0.001291235,0,0,0,0.0,0,0,1,0.0,0,0,0,1.0,1.0
1,2023-02-20,easy,3.439,0,,0.0,False,1,19.68,130.1,5.722,0.0,0.0,0.0,0.0,156.7,244.2,200.0,7.6,0.451,3.732208974028386,1,0,0,0,0,1,0,1.0,55.43953978546163,84.92166632233557,7.860642483460359,95.0,,36.51899627551953,0,0.0,5.20644930415591,8.833395752656829,6.5940841330961835,72.18341637398522,101.90599958680268,22.460833161167784,0.9466971659029182,7.043975237771903,1.3505833717403282,14.873956330649667,22.35993480298343,0.6652056813448038,1.0382023746710896,80.0,0.436,0.621,0.703,0.241,0,0,0,0,,,,25,0,0,0.0,0,0.0,0.0063387899999999,0,0,0,0.0,0,0,1,0.0,0,0,0,1.0,1.0
1,2023-02-21,long,6.608,0,,0.0,False,1,38.89,130.8,5.885,31.8,0.0,0.0,0.0,159.6,252.7,200.0,10.1,0.508,7.378892210238454,1,0,0,0,0,0,1,1.0,50.78216828458149,93.0776921798536,8.094957031327498,95.0,17.21890916655348,,0,0.0,4.798297191335399,10.0,4.394555261097567,79.11603835287556,111.69323061582432,26.538846089926807,0.9346210338954892,6.654760296467817,1.5523647985982238,22.252848540888117,22.96846951854229,0.9688432898883512,1.2589432537603913,90.0,0.436,0.621,0.703,0.241,0,0,0,0,,,,26,0,0,1.52,2,0.0495,0.0049301699999999,1,0,0,0.0,0,0,1,0.0,0,0,0,1.0,1.0
1,2023-02-22,rest,0.0,0,,0.0,False,0,0.0,,,0.0,0.0,0.0,0.0,,,,,,0.0,1,0,0,0,0,0,0,1.0,53.80179552940942,91.03413958275308,7.440897530551956,95.0,18.13489659434075,36.56558527278373,0,0.0,-0.01,-0.01,-0.01,77.37901864534012,109.2409674993037,25.517069791376542,0.955243160237752,6.022545628263835,2.068504600257135,22.252848540888117,22.96846951854229,0.9688432898883512,1.2589432537603913,90.0,0.436,0.621,0.703,0.241,0,0,0,0,,,,27,0,0,0.0,0,0.0495,0.0035215499999999,0,1,0,0.0,0,0,1,0.0,0,0,0,1.0,1.0
1,2023-02-23,easy,3.549,0,,0.0,False,1,19.73,126.2,5.558,29.9,0.0,0.0,0.0,163.8,250.3,200.0,5.3,0.55,3.5649716406047856,0,1,1,1,1,1,1,0.8571428571428571,,,,,,,1,0.0,5.469338061729884,0.0,4.815451725515803,77.1676273757039,108.94253276569962,25.392721985708175,0.954735045531926,7.445763412444168,1.476635197243075,25.817820181492905,23.859712428693484,1.082067488306235,1.702276723265917,50.0,0.436,0.621,0.703,0.241,0,0,0,0,,,,28,0,0,0.0,0,0.042075,0.0,0,1,0,0.0,0,0,1,0.0,0,0,0,1.0,1.0
1,2023-02-24,easy,4.609,0,,0.0,False,1,24.51,128.9,5.317,5.2,0.0,0.0,0.0,169.3,191.7,200.0,8.5,0.486,4.6776890059800955,1,0,0,0,0,0,0,0.8571428571428571,53.06106075804284,80.0380626839081,8.003237629020932,95.0,17.45481810420797,36.3757525053532,0,0.0,6.141232516290637,0.0,4.280037657680819,68.03235328132187,96.04567522068972,20.019031341954047,0.9566018781118508,7.319057150099008,2.0227226725451053,26.84781367899511,24.167819267452952,1.110890985694367,1.74835741735244,75.0,0.436,0.621,0.703,0.241,0,0,0,0,,,,29,0,0,0.0,0,0.03576375,0.0,0,1,0,0.0,0,0,1,0.0,0,0,0,1.0,1.0
1,2023-02-25,interval,4.744,0,,0.0,False,1,22.3,158.8,4.701,0.0,0.549,1.302,0.029,172.0,232.0,200.0,8.5,0.533,6.9494527292421,1,0,0,0,0,0,0,0.8571428571428571,55.14718745072864,83.59154628874,7.047376504554488,95.0,16.60974801266004,36.575939330175565,0,0.0,6.246213913829328,8.004677209703411,4.543728650808162,71.052814345429,100.309855546488,21.795773144370003,0.9248954596170238,6.746080767509494,1.8742346762405293,28.37523923897067,24.846848128779943,1.1420055352653875,1.684550017992563,65.0,0.436,0.621,0.703,0.241,0,0,0,0,,,,30,0,0,0.0,0,0.0,0.001802205,0,1,1,0.0,0,0,1,0.0,0,0,0,1.0,1.0
1,2023-02-26,rest,0.0,0,,0.0,False,0,0.0,,,0.0,0.0,0.0,0.0,,,,,,0.0,1,0,0,0,0,0,0,0.8571428571428571,59.11361727785144,77.81762292999099,7.843850818539368,95.0,17.380808695232677,36.45481318028129,1,0.6934345365124502,-0.01,-0.01,-0.01,66.14497949049233,93.38114751598918,18.908811464995495,0.9620704460864168,5.666987121959797,1.669647529157495,26.303214560093817,23.321762852873665,1.127839846335327,1.3730614382133113,65.0,0.436,0.621,0.703,0.241,0,0,0,0,,,,31,0,0,0.0,0,0.0,0.0007342316666666,0,1,0,0.0,0,0,1,0.0,0,0,0,1.0,1.0
1,2023-02-27,easy,4.106,0,,0.0,False,1,22.99,123.8,5.599,24.9,0.0,0.0,0.0,171.1,242.9,200.0,5.6,0.496,4.319418926209782,1,0,0,0,0,0,0,0.8571428571428571,56.83520342287288,83.50626210108487,8.003381081244074,95.0,17.078445812951628,36.71598440329346,0,0.0,4.227984134477752,7.760542443515536,5.955601609372464,70.98032278592214,100.20751452130185,21.753131050542436,0.9579214886785904,5.810240735941591,1.861198612345768,26.890424512275217,23.20737262739187,1.1587017533313726,1.4001704222096738,65.0,0.436,0.621,0.703,0.241,0,0,0,0,,,,32,0,0,0.0,0,0.0,0.00360441,0,1,0,0.0,0,0,1,0.0,0,0,0,1.0,1.0
1,2023-02-28,long,6.186,0,,0.0,False,1,33.94,138.0,5.487,140.8,0.0,0.0,0.0,165.4,247.6,200.0,7.5,0.55,7.371216080432451,0,1,1,1,1,1,1,0.7142857142857143,,,,,,,0,0.0,4.553449942175235,7.4695904362263565,7.279113153016806,69.07310723330313,97.51497491760442,20.63123954900184,0.9478406246467916,6.3270206059564735,1.4980649086666256,26.88274838246921,24.030762777950088,1.1186805642497313,1.4004919703062315,50.0,0.436,0.621,0.703,0.241,0,0,0,0,,,,33,0,0,0.0,0,0.0,0.00280343,0,1,0,0.0,0,0,1,0.0,0,0,0,1.0,1.0
1,2023-03-01,rest,0.0,0,,0.0,False,0,0.0,,,0.0,0.0,0.0,0.0,,,,,,0.0,0,1,1,1,1,1,1,0.5714285714285714,,,,,,,1,1.2711020993384403,-0.01,-0.01,-0.01,76.94285464929959,108.62520656371706,25.26050273488211,0.9374965271766388,7.014704730904816,2.0915487412088685,26.88274838246921,24.030762777950088,1.1186805642497313,1.4004919703062315,50.0,0.436,0.621,0.703,0.241,0,0,0,0,,,,34,0,0,0.0,0,0.0,0.00200245,0,0,0,0.0,0,0,1,0.0,0,0,0,1.0,1.0
1,2023-03-02,easy,5.743,0,,0.0,False,1,31.3,127.5,5.45,20.5,0.0,0.0,0.0,174.1,255.5,200.0,9.2,0.505,5.389566644206718,1,0,0,0,0,0,0,0.7142857142857143,59.18462090927964,83.52457294111993,6.76689470749166,95.0,15.351685583639286,36.56011748022847,0,0.3618489455809117,4.428939432347432,0.0,5.970450593887468,70.99588699995194,100.22948752934391,21.762286470559964,0.92994668164109,8.576139371312799,2.1214832914156423,28.707343386071145,24.008877877340385,1.195696955811009,1.4699583695392906,50.0,0.436,0.621,0.703,0.241,0,0,0,0,,,,35,0,0,0.0,0,0.0,0.0,0,0,0,0.0,0,0,1,0.0,0,0,0,1.0,1.0
1,2023-03-03,rest,0.0,0,,0.0,False,0,0.0,,,0.0,0.0,0.0,0.0,,,,,,0.0,0,1,1,1,1,1,1,0.5714285714285714,,,,,,,1,0.4787433156214262,-0.01,-0.01,-0.01,73.12798969559265,103.23951486436609,23.01646452681921,0.9581248722033324,7.3071481650191,1.8383786159856992,24.029654380091053,24.008877877340385,1.0008653258178697,1.1026516724029396,50.0,0.436,0.621,0.703,0.241,0,0,0,0,,,,36,0,0,0.0,0,0.0,0.0,0,0,0,0.0,0,0,1,0.0,0,0,0,1.0,1.0
1,2023-03-04,tempo,5.311,0,,0.0,False,1,25.81,149.4,4.86,47.3,2.124,0.142,0.0,171.0,231.4,200.0,9.1,0.525,7.250101500373751,1,1,0,0,0,0,0,0.5714285714285714,59.73955409034703,,7.889252357937245,95.0,16.82528813723105,36.591079432587165,0,0.0,6.2007946051495235,7.76439467249024,5.687643009094848,68.16941434334814,96.23917319060912,20.099655496087134,0.8875045999670493,6.898720105791721,1.5293038876519776,24.3303031512227,24.84457300481011,0.9793004760923716,1.0988374329420705,65.0,0.436,0.621,0.703,0.241,0,0,0,0,,,,37,0,0,0.0,0,0.0,0.0,0,0,1,0.0,0,0,1,0.0,0,0,0,1.0,1.0
1,2023-03-05,easy,6.194,0,,0.0,False,1,34.17,128.6,5.517,43.5,0.0,0.0,0.0,172.0,267.2,200.0,9.1,0.45,5.681970564635664,1,0,0,0,0,0,1,0.5714285714285714,59.09356050804415,84.2445082476709,7.845278415972867,95.0,17.920481738224343,,1,0.0,5.798894410479674,7.085654079083806,3.2864131271744537,71.60783201052026,101.09340989720506,22.122254123835447,0.8917547143824812,6.577054137425628,2.1519246691647473,30.012273715858367,25.136699069089897,1.1939623591548465,1.4867721824806446,80.0,0.436,0.621,0.703,0.241,0,0,0,0,,,,38,0,0,0.0,0,0.0,0.0,0,0,0,0.0,0,0,1,0.0,0,0,0,1.0,1.0
1,2023-03-06,easy,5.349,1,easy,1.353,False,2,31.29,131.85,5.789,181.2,0.0,0.0,0.0,164.89999999999998,239.5,200.0,7.25,0.534,4.9335077550069855,0,1,1,1,1,1,1,0.4285714285714285,,,,,,,1,0.0,6.189389676912725,0.0,3.514162586906111,68.65683704253748,96.92729935417056,20.3863747309044,0.9544008659359658,6.254578565877764,1.5339825903429192,30.62636254465557,25.363272229705167,1.2075082844112697,1.5124917028953384,50.0,0.436,0.621,0.703,0.241,0,0,0,0,,,,39,0,0,0.0,0,0.0,0.0,0,0,0,0.0,0,0,1,0.0,0,0,0,1.0,1.0
1,2023-03-07,long,8.926,0,,0.0,False,1,51.71,131.6,5.793,114.2,0.0,0.0,0.0,169.0,273.1,200.0,9.3,0.503,10.368230758712713,0,1,1,1,1,1,1,0.4285714285714285,,,,,,,0,0.0,5.753372894230334,8.917715106017457,6.171919386954651,73.1843346311954,103.31906065580527,23.04960860658553,0.9618400791382504,6.228610062105389,1.7734615488025285,33.62337722293583,26.738001405938206,1.2575126859689585,1.3846983752880444,50.0,0.436,0.621,0.703,0.241,0,0,0,0,,,,40,0,0,1.52,2,0.0495,0.0,1,0,0,0.0,0,0,1,0.0,0,0,0,1.0,1.0
1,2023-03-08,rest,0.0,0,,0.0,False,0,0.0,,,0.0,0.0,0.0,0.0,,,,,,0.0,1,0,0,1,0,0,0,0.5714285714285714,55.32516883356761,88.00580244341403,,95.0,17.996162557277792,36.59013147649341,0,0.5450870781708954,-0.01,-0.01,-0.01,74.80493207690192,105.60696293209683,24.002901221707013,0.9260260569062262,7.449895543305943,1.3859447072515916,33.62337722293583,25.552612795103503,1.3158488400657813,1.3846983752880444,65.0,0.436,0.621,0.703,0.241,0,0,0,0,,,,41,0,0,0.0,0,0.0495,0.0,0,1,0,0.0,0,0,1,0.0,0,0,0,1.0,1.0
1,2023-03-09,easy,4.054,0,,0.0,False,1,21.44,133.6,5.287,0.0,0.0,0.0,0.0,167.7,269.0,200.0,6.8,0.45,3.5329993544635694,1,0,0,0,0,0,0,0.5714285714285714,54.21666021650302,95.87883137038943,7.662145856411333,95.0,16.934140654943285,36.65377894454862,0,0.0,3.9928263804786943,0.0,4.548846356585438,81.49700666483102,115.05459764446732,27.939415685194717,0.9429055824732075,6.592231033828486,2.003575915274718,31.766809933192683,26.4358626337194,1.2016558404649045,1.3022422001200449,90.0,0.436,0.621,0.703,0.241,0,0,0,0,,,,42,0,0,0.0,0,0.042075,0.0,0,1,0,0.0,0,0,1,0.0,0,0,0,1.0,1.0
1,2023-03-10,rest,0.0,0,,0.0,False,0,0.0,,,0.0,0.0,0.0,0.0,,,,,,0.0,0,1,1,1,1,1,1,0.5714285714285714,,,,,,,1,0.3164264069114574,-0.01,-0.01,-0.01,82.19945696336687,116.04629218357675,28.35262174315698,0.9268047232117246,7.352709130928006,2.195258356067694,31.766809933192683,25.29887066453514,1.255661135975662,1.3022422001200449,50.0,0.436,0.621,0.703,0.241,0,0,0,0,,,,43,0,0,0.0,0,0.03576375,0.0,0,1,0,0.0,0,0,1,0.0,0,0,0,1.0,1.0
1,2023-03-11,interval,4.477,0,,0.0,False,1,19.82,157.8,4.426,52.0,0.612,1.139,0.0,172.8,236.2,200.0,8.9,0.453,6.769138277355761,0,1,1,1,1,1,1,0.4285714285714285,,,,,,,0,0.1759825894844446,5.218571317393062,6.15578258013848,4.658929159495046,82.99877847482239,117.1747460821022,28.82281086754258,0.9315765516665862,6.584114570955388,1.872651405851084,31.28584671017469,25.781018254558106,1.2135224911498923,1.3011048960751062,50.0,0.436,0.621,0.703,0.241,0,0,0,0,,,,44,0,0,0.0,0,0.0,0.0,0,1,1,0.0,0,0,1,0.0,0,0,0,1.0,1.0
1,2023-03-12,easy,4.406,0,,0.0,False,1,24.77,128.8,5.621,24.5,0.0,0.0,0.0,171.5,230.8,200.0,9.4,0.46,3.8595967139518175,0,1,1,1,1,1,1,0.2857142857142857,,,,,,,1,0.1927479764515967,5.993354390834053,6.590460552797348,5.195598470024091,79.88981204920675,112.78561701064484,26.99400708776868,0.9627237563584556,7.4721059586365906,2.2932290076269912,29.46347285949085,25.30179744777968,1.1644813676110983,1.237152449611866,50.0,0.436,0.621,0.703,0.241,0,0,0,0,,,,45,0,0,0.0,0,0.0,0.0,0,1,0,0.0,0,0,1,0.0,0,0,0,1.0,1.0
1,2023-03-13,interval,4.666,0,,0.0,False,1,20.4,162.0,4.373,36.8,0.509,1.163,0.0,171.2,251.8,200.0,9.0,0.509,6.980390173510555,1,0,0,0,0,0,0,0.4285714285714285,56.387140309107146,95.37504132274366,7.456219380512652,95.0,17.84612926708041,36.58818900319789,1,0.0,3.4969726616224825,9.96426504655186,5.429348185133094,81.06878512433211,114.45004958729238,27.687520661371828,0.9026485572401588,8.389421302362674,1.9298312729338332,31.510355277994417,25.975274666393716,1.213090312599141,1.272609387619397,80.0,0.436,0.621,0.703,0.241,0,0,0,0,,,,46,0,0,0.0,0,0.0,0.0,0,1,1,0.0,0,0,1,0.0,0,0,0,1.0,1.0
1,2023-03-14,long,6.001,0,,0.0,False,1,34.32,134.4,5.719,0.0,0.0,0.0,0.0,161.6,255.3,200.0,9.0,0.502,7.207211217745176,1,0,0,0,0,0,1,0.5714285714285714,56.933039373009834,103.8958069507503,8.095613107333598,95.0,17.75841166904691,,0,0.8482448087641956,6.798976852981489,8.58787234731468,5.797719768300105,88.31143590813775,124.67496834090036,30.0,0.9118255928034796,6.625973123112395,2.1896263987485804,28.34933573702688,27.77707747083001,1.020601780233937,1.3943007575483513,80.0,0.436,0.621,0.703,0.241,0,0,0,0,,,,47,0,0,0.0,0,0.0,0.0,0,1,0,0.0,0,0,2,0.0,0,0,0,1.0,1.0
1,2023-03-15,rest,0.0,0,,0.0,False,0,0.0,,,0.0,0.0,0.0,0.0,,,,,,0.0,1,0,0,0,0,0,1,0.5714285714285714,56.50371865723353,101.98388235505762,8.006481911423354,95.0,18.13931420356,,1,0.0,-0.01,-0.01,-0.01,86.68630000179897,122.38065882606914,30.0,0.9523874729641676,7.004133124816123,2.3052572128352447,28.34933573702688,27.77707747083001,1.020601780233937,1.3943007575483513,80.0,0.436,0.621,0.703,0.241,0,0,0,0,,,,48,0,0,0.0,0,0.0,0.0,0,0,0,0.0,0,0,2,0.0,0,0,0,1.0,1.0
1,2023-03-16,easy,4.138,0,,0.0,False,1,23.21,131.2,5.608,17.0,0.0,0.0,0.0,161.0,265.0,200.0,6.6,0.498,4.209260516260907,1,0,0,0,0,0,0,0.5714285714285714,56.35218165447914,105.98681811349137,7.721393606260161,95.0,18.6567227024783,36.53923947787798,0,0.0,5.972542290283872,0.0,5.508458638721882,90.08879539646766,127.18418173618964,30.0,0.9626000150689688,6.922919570748461,1.773598424819603,29.02559689882422,28.829392599895236,1.006805668605173,1.4312877804505184,80.0,0.436,0.621,0.703,0.241,0,0,0,0,,,,49,0,0,0.0,0,0.0,0.0,0,0,0,0.0,0,0,2,0.0,0,0,0,1.0,1.0
1,2023-03-17,easy,3.496,0,,0.0,False,1,18.75,128.8,5.362,31.9,0.0,0.0,0.0,169.4,248.8,200.0,7.9,0.521,3.7155263428226286,1,1,0,0,0,0,0,0.7142857142857143,55.69156675324259,,7.671169496319476,95.0,17.085252941888367,36.47541145629209,1,0.1,3.463946681518653,5.781315785677391,4.452630469472522,85.83419204294007,121.1776828841507,30.0,0.9598515190529392,5.922495543567997,1.803603724956798,32.74112324164685,28.846350308481423,1.1350178361039471,1.9622977515191689,75.0,0.436,0.621,0.703,0.241,0,0,0,0,,,,50,0,0,0.0,0,0.0,0.0,0,0,0,0.0,0,0,2,0.0,0,0,0,1.0,1.0
1,2023-03-18,tempo,3.338,0,,0.0,False,1,15.77,148.9,4.726,70.9,0.778,0.076,0.003,158.1,252.6,200.0,5.8,0.507,4.143972598726881,1,0,0,0,0,0,0,0.8571428571428571,56.89820917114428,99.010449993481,7.53397289224702,95.0,17.27461069952314,36.60205004230899,0,0.0,4.795870190963855,8.674372569648822,5.379116418656315,84.15888249445885,118.8125399921772,29.505224996740505,0.9617052542654444,6.704277450030823,1.7187658511271688,30.115957563017965,28.52683666584651,1.0557061359476945,1.9324902083932256,80.0,0.436,0.621,0.703,0.241,0,0,0,0,,,,51,0,0,0.0,0,0.0,0.0001864349999999,0,0,1,0.0,0,0,2,0.0,0,0,0,1.0,1.0
1,2023-03-19,rest,0.0,0,,0.0,False,0,0.0,,,0.0,0.0,0.0,0.0,,,,,,0.0,1,0,0,0,0,0,0,1.0,53.90602015280477,92.7624278792785,8.367816823721464,95.0,18.41706404832829,36.56831485816542,1,0.199924052889447,-0.01,-0.01,-0.01,78.84806369738672,111.3149134551342,26.381213939639252,0.965389208597604,8.216338937551983,1.600031283738388,26.256360849066148,28.008830496127295,0.9374314973724106,1.3912705680612183,90.0,0.436,0.621,0.703,0.241,0,0,0,0,,,,52,0,0,0.0,0,0.0,7.5955e-05,0,0,0,0.0,0,0,2,0.0,0,0,0,1.0,1.0
1,2023-03-20,easy,3.61,0,,0.0,False,1,20.77,127.2,5.754,0.0,0.0,0.0,0.0,159.4,251.6,200.0,9.0,0.507,3.675969710889065,1,1,0,0,0,0,0,1.0,55.20729261189282,,8.35209481505637,95.0,17.833718239691336,36.59897268999468,0,0.0,5.605991178818667,7.4137695433043715,6.05900450981548,76.98075620637549,108.6787146442948,25.28279776845617,0.9559036610448258,7.761137956708167,1.7781538947921276,22.951940386444655,27.994770680342462,0.8198652465724944,1.3909658300760828,75.0,0.436,0.621,0.703,0.241,0,0,0,0,,,,53,0,0,0.0,0,0.0,0.0003728699999999,0,0,0,0.0,0,0,2,0.0,0,0,0,1.0,1.0
1,2023-03-21,long,5.397,0,,0.0,False,1,30.83,135.7,5.712,48.2,0.0,0.0,0.0,172.7,240.1,200.0,6.3,0.491,5.6983707838413915,1,0,0,0,0,0,0,1.0,56.43145941821577,91.80018755880644,8.239780676468037,95.0,17.3509891028844,36.58969476726072,0,0.0,6.870422100702413,9.795628909793988,4.951176587589204,78.03015942498546,110.1602250705677,25.900093779403218,0.9502216373875128,6.585640479514337,1.799718630470993,21.443099952540873,27.5746403237432,0.7776383997451037,1.5051901049503793,80.0,0.436,0.621,0.703,0.241,0,0,0,0,,,,54,0,0,0.0,0,0.0,0.00029001,0,0,0,0.0,0,0,1,0.0,0,0,0,1.0,1.0
1,2023-03-22,rest,0.0,0,,0.0,False,0,0.0,,,0.0,0.0,0.0,0.0,,,,,,0.0,0,1,1,1,1,1,1,0.8571428571428571,,,,,,,1,0.0,-0.01,-0.01,-0.01,81.42923511239503,114.95892015867534,27.899550066114728,0.9118426935942306,8.495279181600152,1.641459980853626,21.443099952540873,27.5746403237432,0.7776383997451037,1.5051901049503793,50.0,0.436,0.621,0.703,0.241,0,0,0,0,,,,55,0,0,0.0,0,0.0,0.00020715,0,0,0,0.0,0,0,1,0.0,0,0,0,1.0,1.0
1,2023-03-23,tempo,4.186,0,,0.0,False,1,19.89,147.4,4.752,36.0,1.637,0.19,0.008,173.4,237.0,200.0,8.0,0.524,5.698087026741159,1,0,0,0,0,0,0,0.8571428571428571,57.69364971484959,95.1988925746812,8.203060438928329,95.0,17.318755898728096,36.55110599006528,1,0.1663420982591985,6.457581918365226,8.27587058284678,4.522660588720649,80.91905868847901,114.23867108961744,27.5994462873406,0.920369314359172,6.919681603002969,1.89199969787521,22.931926463021124,28.10791917027729,0.8158528387763987,1.4798267784704644,80.0,0.436,0.621,0.703,0.241,0,0,0,0,,,,56,1,0,0.0,0,0.0,0.00049716,0,0,1,0.0,0,0,1,0.0,0,0,0,1.0,1.0
1,2023-03-24,rest,0.0,0,,0.0,False,0,0.0,,,0.0,0.0,0.0,0.0,,,,,,0.0,1,0,0,0,0,0,0,0.8571428571428571,55.33361037405651,95.03579134148876,8.513833576469306,95.0,17.23016972668749,36.525465574857904,1,0.5948084449342165,-0.01,-0.01,-0.01,80.78042264026543,114.04294960978648,27.517895670744373,0.9300609842736428,6.800106270298607,2.2844938111414677,19.216400120198497,26.938496918782267,0.7133434157366395,1.109266342131468,90.0,0.436,0.621,0.703,0.241,0,0,0,0,,,,57,1,0,0.0,0,0.0,0.0002025466666666,0,0,0,0.0,0,0,2,0.0,0,0,0,1.0,1.0
1,2023-03-25,interval,4.404,0,,0.0,False,1,19.89,158.3,4.516,31.2,0.165,0.929,0.0,164.7,280.9,200.0,9.2,0.497,7.617218629691204,1,0,0,0,0,0,0,0.8571428571428571,57.63085811824768,93.17958057703606,7.198075020149844,95.0,18.363870931769178,36.57004538317535,1,0.0,6.17167672544807,7.929508498149856,4.053447859362358,79.20264349048065,111.81549669244328,26.58979028851803,0.9549298338075072,6.277405482705918,2.2415106650575587,22.68964615116282,27.105438393894545,0.8370882988258668,1.0810710914387198,80.0,0.436,0.621,0.703,0.241,0,0,0,0,,,,58,1,0,0.0,0,0.0,0.00099432,0,0,1,0.0,0,0,2,0.0,0,0,0,1.0,1.0
1,2023-03-26,easy,7.627,0,,0.0,False,1,40.88,130.1,5.36,107.1,0.0,0.0,0.0,164.7,269.8,200.0,7.5,0.505,7.683119791980365,1,0,0,0,0,0,0,0.8571428571428571,57.58767022861641,93.70977761481636,8.510201287548316,95.0,16.22137314786115,36.57741257934641,0,0.0,7.303722166958984,0.0,3.093608813683806,79.6533109725939,112.45173313777964,26.85488880740818,0.965948564600448,7.540735605724579,2.4784379438218633,30.372765943143182,29.026218341889635,1.0463906988847929,1.4381462319519578,65.0,0.436,0.621,0.703,0.241,0,0,0,0,,,,59,1,0,0.0,0,0.0,0.00077336,0,0,0,0.0,0,0,2,0.0,0,0,0,1.0,1.0
1,2023-03-27,easy,5.035,0,,0.0,False,1,28.79,133.4,5.717,4.0,0.0,0.0,0.0,165.6,239.1,200.0,7.4,0.485,5.137923182299617,1,0,0,0,0,0,0,0.8571428571428571,56.945328693695565,92.60285456384308,7.335197326784305,95.0,16.964514217104995,36.68763690079245,0,0.1755914101970869,4.523725098636093,6.6469783213595655,3.371108410548994,78.7124263792666,111.12342547661169,26.301427281921537,0.9245132010235227,6.953987251649275,2.07230000309405,31.834719414553735,29.230844405912094,1.0890796681547563,1.5086315742818914,65.0,0.436,0.621,0.703,0.241,0,0,0,0,,,,60,1,0,0.0,0,0.0,0.0005524,0,0,0,0.0,0,0,2,0.0,0,0,0,1.0,1.0
1,2023-03-28,long,8.41,0,,0.0,False,1,47.92,130.5,5.698,88.1,0.0,0.0,0.0,167.6,251.2,200.0,9.0,0.491,8.819511128385608,1,0,0,0,0,0,0,0.8571428571428571,57.91375346977766,96.77050660634072,8.112526496555923,95.0,17.255980211878843,36.520567601169354,1,0.0,3.8395677501167698,9.06442769966325,4.613135079552653,82.25493061538961,116.12460792760884,28.38525330317036,0.9234696094134942,6.943157324759362,2.77865627632922,34.955859759097955,29.592918167900383,1.1812237772411036,1.485123817645985,80.0,0.436,0.621,0.703,0.241,0,0,0,0,,,,61,1,0,1.64,1,0.04331,0.0,1,0,0,0.0,0,0,2,0.0,0,0,0,1.0,1.0
1,2023-03-29,rest,2.0,0,,0.0,True,1,7.0,180.0,,0.0,0.0,0.0,2.0,,,,,,0.0,1,0,0,0,0,0,0,1.0,57.86526888895147,103.80847151590346,7.835890139591888,95.0,17.150681742989523,36.62053205964159,1,0.0,-0.01,-0.01,-0.01,88.23720078851794,124.57016581908417,30.0,0.9540249974056916,6.043266010834544,2.1737505678759392,34.955859759097955,29.592918167900383,1.1812237772411036,1.485123817645985,80.0,0.436,0.621,0.703,0.241,0,0,0,0,,,,62,1,0,0.0,0,0.04331,0.0,0,1,0,0.0,0,0,2,0.0,0,0,0,1.0,1.0
1,2023-03-30,,6.791,0,,0.0,True,2,33.82,154.75,5.598,44.4,0.0,0.0,2.0,162.6,249.3,200.0,9.6,0.476,5.490445311408172,1,0,0,0,0,0,0,1.0,59.58882522311126,100.05675396571256,8.218593012003277,100.0,17.99150948979145,36.5002192639405,1,0.4171781997321625,-0.01,-0.01,-0.01,85.04824087085568,120.06810475885509,30.0,0.937761828853578,8.50573438794293,2.0184124161135735,34.748218043764965,29.618137834700747,1.1732073455964016,1.4786914039128956,80.0,0.436,0.621,0.703,0.241,0,0,1,1,3.7248951089644144,6.0,3.0,999,0,0,0.0,0,0.0368135,0.0,0,1,0,0.0,0,0,2,0.0,0,0,0,1.0,1.0
1,2023-03-31,,7.179,0,,0.0,True,2,36.2,154.05,5.638,68.8,0.0,0.0,2.0,162.3,224.3,200.0,9.8,0.496,5.254988837066954,1,0,0,0,0,0,0,1.0,59.35420804885727,99.83594141648528,6.525365662876028,100.0,16.062835182523656,36.60474941611293,0,0.346743871031575,-0.01,-0.01,-0.01,84.86055020401248,119.80312969978232,29.917970708242635,0.940360425913817,7.123777274435621,1.3910038577202104,40.003206880831925,30.931885043967487,1.2932676275856634,2.130050169021808,65.0,0.436,0.621,0.703,0.241,0,0,0,1,,6.0,3.0,999,0,0,0.0,0,0.031291475,0.0,0,1,0,0.0,0,0,1,0.0,0,0,0,1.0,1.0
